employee_id,pattern_name,priority
1001,G早,9
1001,Gフル,9
1001,B早,1
1001,Bフル,1
1001,造フル,1
1001,スライス,1
1001,C1,3
1002,G早,10
1002,Gフル,10
1002,G週,10
1003,G早,8
1003,Gフル,8
1003,B早,8
1003,Bフル,8
1003,遅,7
1003,造フル,3
1003,スライス,3
1003,C1,2
1004,G早,7
1004,Gフル,7
1004,B早,9
1004,Bフル,9
1004,遅,8
1004,造フル,2
1004,スライス,2
1004,C1,1
1005,造フル,1
1005,スライス,10
1006,造フル,9
1006,スライス,9
1007,造半日,10
1008,C2,10
1008,C3,6
1008,C1,4
1008,F,6
1009,C2,6
1009,C3,10
1009,C1,5
1009,F,10
1010,B朝,10
1011,C1,10
1012,C3フル,10
1013,F,10
1014,F,10
