employee_number,name,role,available_days,available_shift_types,consecutive_workable
1001,田中一郎,DEPUTY,0123456,123,1
1002,伊藤花子,CHIEF,0123456,12,1
1003,渡辺健太,STAFF,0123456,123,1
1004,高橋美咲,STAFF,0123456,123,1
1005,中村大輔,FULLPART,0123456,1,1
1006,小林由美,FULLPART,0123456,1,1
1007,加藤翔太,FULLPART,0123456,1,1
1008,吉田さくら,MORNINGPART,0123456,1,0
1009,山本亮,MORNINGPART,0123456,1,0
1010,斎藤真央,MORNINGPART,0123456,1,1
1011,松本蓮,MORNINGPART,0123456,1,0
1012,井上あゆみ,FULLPART,0123456,1,0
1013,木村隼人,MORNINGPART,0123456,1,0
1014,林みどり,MORNINGPART,0123456,1,0
